INSERT INTO ROLE(ID, LIBELLE, CODE, COMMENTAIRE, VERSION)
VALUES (1, 'role1', 'coderole1', 'bla bla bla', 1);
INSERT INTO ROLE(ID, LIBELLE, CODE, COMMENTAIRE, VERSION)
VALUES (2, 'role2', 'coderole2', 'bla bla bla', 1);
INSERT INTO ROLE(ID, LIBELLE, CODE, COMMENTAIRE, VERSION)
VALUES (3, 'role3', 'coderole3', 'bla bla bla', 1);

INSERT INTO PROFIL(ID, LIBELLE, COMMENTAIRE, TYPE_PROFIL, TYPE_PROFIL_ADMIN, ACTIF, VISIBLE_ADMIN_CHAMBRE,
                   VISIBLE_ADMIN_CONSEIL, VISIBLE_ADMIN_CSN, VERSION)
VALUES (1, 'profil1', 'bla bla bla', 'ADMIN', 'NATIONAL', 1, 0, 0, 0, 1);
INSERT INTO PROFIL(ID, LIBELLE, COMMENTAIRE, TYPE_PROFIL, TYPE_PROFIL_ADMIN, ACTIF, VISIBLE_ADMIN_CHAMBRE,
                   VISIBLE_ADMIN_CONSEIL, VISIBLE_ADMIN_CSN, VERSION)
VALUES (2, 'profil2', 'bla bla bla', 'DAP', 'INSTANCE', 1, 0, 0, 0, 1);
INSERT INTO PROFIL(ID, LIBELLE, COMMENTAIRE, TYPE_PROFIL, TYPE_PROFIL_ADMIN, ACTIF, VISIBLE_ADMIN_CHAMBRE,
                   VISIBLE_ADMIN_CONSEIL, VISIBLE_ADMIN_CSN, VERSION)
VALUES (3, 'profil3', 'bla bla bla', 'DAP', 'NATIONAL', 0, 0, 0, 0, 1);

INSERT INTO PERSONNE(ID, UID, OU_ENTITE, HABILITE_FICEN, VERSION, TAILLE_DES_LISTES, CN_RATTACHEMENT,
                     PERIMETRE_NATIONAL, DATE_ACCEPTATION_CGU)
VALUES (1, 'IDN00010006I', 'IDN218420', 0, 1, 10, 'IDN00096481I_IDN000046', 0, null);
INSERT INTO PERSONNE(ID, UID, OU_ENTITE, HABILITE_FICEN, VERSION, TAILLE_DES_LISTES, CN_RATTACHEMENT,
                     PERIMETRE_NATIONAL, DATE_ACCEPTATION_CGU)
VALUES (2, 'IDN00010008I', 'IDN218420', 0, 1, 10, 'IDN00096481I_IDN000046', 0, null);
INSERT INTO PERSONNE(ID, UID, OU_ENTITE, HABILITE_FICEN, VERSION, TAILLE_DES_LISTES, CN_RATTACHEMENT,
                     PERIMETRE_NATIONAL, DATE_ACCEPTATION_CGU)
VALUES (3, 'IDN00010058I', 'IDN218420', 0, 1, 10, 'IDN00096481I_IDN000046', 0, null);
INSERT INTO PERSONNE(ID, VERSION, UID, TAILLE_DES_LISTES, OU_ENTITE, HABILITE_FICEN, DATE_ACCEPTATION_CGU,
                     CN_RATTACHEMENT, PERIMETRE_NATIONAL)
VALUES (4, 3, 'IDN00031217I', 10, 'IDN000046', 0, null, 'IDN00031217I_IDN000046', 0);
INSERT INTO PERSONNE(ID, UID, OU_ENTITE, HABILITE_FICEN, VERSION, TAILLE_DES_LISTES, CN_RATTACHEMENT,
                     PERIMETRE_NATIONAL, DATE_ACCEPTATION_CGU)
VALUES (5, 'IDN00031217I', 'IDN122154', 0, 1, 10, 'IDN00031217I_IDN122154', 0, null);

INSERT INTO PERSONNE_PROFIL(PERSONNE_ID, PROFIL_ID)
VALUES (1, 1);
INSERT INTO PERSONNE_PROFIL(PERSONNE_ID, PROFIL_ID)
VALUES (1, 2);
INSERT INTO PERSONNE_PROFIL(PERSONNE_ID, PROFIL_ID)
VALUES (2, 1);
INSERT INTO PERSONNE_PROFIL(PERSONNE_ID, PROFIL_ID)
VALUES (3, 3);
INSERT INTO PERSONNE_PROFIL(PERSONNE_ID, PROFIL_ID)
VALUES (4, 1);
INSERT INTO PERSONNE_PROFIL(PERSONNE_ID, PROFIL_ID)
VALUES (4, 2);
INSERT INTO PERSONNE_PROFIL(PERSONNE_ID, PROFIL_ID)
VALUES (5, 1);
INSERT INTO PERSONNE_PROFIL(PERSONNE_ID, PROFIL_ID)
VALUES (5, 2);

INSERT INTO PROFIL_ROLE(PROFIL_ID, ROLE_ID)
VALUES (1, 1);
INSERT INTO PROFIL_ROLE(PROFIL_ID, ROLE_ID)
VALUES (1, 2);
INSERT INTO PROFIL_ROLE(PROFIL_ID, ROLE_ID)
VALUES (2, 3);

INSERT INTO annuaire_departement (CODE, DATE_DEBUT, DATE_FIN, LIBELLE)
VALUES ('001', '1953-12-30', null, 'AIN');
INSERT INTO annuaire_departement (CODE, DATE_DEBUT, DATE_FIN, LIBELLE)
VALUES ('002', '2018-04-12', null, 'AISNE');
INSERT INTO annuaire_departement (CODE, DATE_DEBUT, DATE_FIN, LIBELLE)
VALUES ('003', '1978-08-22', null, 'ALLIER');
INSERT INTO annuaire_departement (CODE, DATE_DEBUT, DATE_FIN, LIBELLE)
VALUES ('004', '2018-07-13', null, 'ALPES DE HTE PROVENCE');
